,english,actual_hindi,predicted_hindi
0,description of an object formatted for assistive technology access, मददगार तकनीक पँहुच हेतु प्रारूपित वस्तु का वर्णन , मददगार तकनीक पँहुच हेतु प्रारूपित वस्तु का वर्णन 
1,ten of diamonds, ईंट का दहला , ईंट का दहला 
2,vertical expand, अनुलंब विस्तार , अनुलंब विस्तार 
3,cancel loading, लोड करना रद्द करें c , लोड करना रद्द करें c 
4,run, चलाएँ r , चलाएँ r 
5,description, वर्णन , विवरणः 
6,double click any card to redeal, फिर बांटने के लिये किसी कार्ड को दो बार क्लिक करें , फिर बांटने के लिये किसी कार्ड को दो बार क्लिक
7,start a rebase operation relative to the selected remote repository, प्रारंभ a को चयनित रिमोट , प्रारंभ a को चयनित रिमोट 
8,eight of spades, हुकुम का अट्ठा , हुकुम का अट्ठा 
9,switch to branch tag, बदलें को , बदलें को 
10,edit command as script in anjuta on close, संपादन कमांड जैसे स्क्रिप्ट इंच anjuta पर बंद करें , संपादन कमांड जैसे स्क्रिप्ट इंच anjuta पर बंद
11,remove the sixes, छक्का मिटाएँ , छक्का मिटाएँ 
12,install, संस्थापित करें , संस्थापित करें i 
13,back, पीछे b , पीछे 
14,outbound proxy, आउटबाउंड प्रॉक्सी o , आउटबाउंड प्रॉक्सी o 
15,create, बनाएँ , बनाएँ 
16,type, क़िस्म , क़िस्मः 
17,readcd readom image, readcdreadom छवि , readcdreadom छवि 
18,cvs operations, स्पेसिंग , सीवीएस 
19,creates disc images suitable for svcds, डिस्क इमेज़ एक सीडी या डीवीडी पर लिखें , डिस्क इमेज़ एक सीडी या डीवीडी पर लिखें 
20,vala support plugin, जेएस समर्थन प्लगइन , जेएस समर्थन प्लगइन 
21,document presentation, दस्तावेज़ प्रस्तुतीकरण , दस्तावेज़ प्रस्तुतीकरण 
22,the timeline of the animation, चल छवि का टाइम लाइन , चल छवि का टाइम लाइन 
23,squash, squash , squash 
24,monitor changes to your home folder, अपने होम फोल्डर में परिवर्तन निरीक्षण करें m , अपने होम फोल्डर में परिवर्तन निरीक्षण करें m 
25,remember this selection, यह चयन याद रखें , यह चयन याद रखें 
26,r ename…, नाम बदलें e , नाम बदलें r 
27,loaded session…, लोड किया सत्र , लोड किया सत्र 
28,right zoom, दाहिना जूम , दाहिना जूम 
29,create a tag, बनाएँ , बनाएँ 
30,sha, sha , sha 
31,save files interval in minutes, सहेजें फ़ाइल अंतराल इंच मिनट्स , सहेजें फ़ाइल अंतराल इंच मिनट्स 
32,revert, उलटें , उलटें 
33,freecell solitaire, फ्रीसेल सॉलिटेयर , फ्रीसेल सॉलिटेयर 
34,patch style diff, शैली , शैली 
35,end of block, अंत का रोकें , अंत का रोकें 
36,table row, सारणी पंक्ति , सारणी पंक्ति 
37,command, कमांड , कमांड 
38,target name can only contain alphanumeric or characters, लक्ष्य नाम या अक्षर , लक्ष्य नाम या अक्षर 
39,enable network detection, संजाल जाँच निष्क्रिय करें d , संजाल जाँच निष्क्रिय करें d 
40,confirm remove, मिटाने की पुष्टि करें , मिटाने की पुष्टि करें 
41,should files be renamed to be fully windows compatible, क्या फ़ाइलों को विंडोज संगत के रूप में पूर्ण रूप से फिर नाम दिया जाना चाहिए , क्या फ़ाइलों को विंडोज संगत के रूप में पूर्ण र
42,click here to import its contents, इसकी अंतर्वस्तु आयात करने के लिए यहाँ क्लिक करें , इसकी अंतर्वस्तु आयात करने के लिए यहाँ क्लिक करें 
43,name, नाम , नाम 
44,undo the last action, पिछली क्रिया रद्द करें , पिछली क्रिया रद्द करें 
45,song end, गीत अंतः , गीत अंतः 
46,tag de claration, टैग , टैग 
47,are you sure you want to remove the element s from the project, को मिटाएँ अनुसरण कर रहा है से नहीं नहीं , को मिटाएँ अनुसरण कर रहा है से नहीं नहीं 
48,cvs status, cvs status , cvs status 
49,simulation of image to disc burning, छवि की डिस्क बर्निंग का सिमुलेशन , छवि की डिस्क बर्निंग का सिमुलेशन 
50,if you choose to keep it programs may not be able to recognize the file type properly, यदि आप इसे बनाए रखना चाहते हैं प्रोग्राम फ़ाइल प्रकार को ठीक से पहचानने में समर्थ नहीं है , यदि आप इसे बनाए रखना चाहते हैं प्रोग्राम फ़ाइल प
51,safety margin, सुरक्षा हाशिया , सुरक्षा हाशिया 
52,unable to allocate memory, मेमोरी आवंटन में असमर्थ , मेमोरी आवंटन में असमर्थ 
53,d d, d d , d d 
54,please replace the disc with a rewritable disc holding data, कृपया डिस्क को फिर लिखने योग्य डिस्क आँकड़ा से बदलें , कृपया डिस्क को फिर लिखने योग्य डिस्क आँकड़ा से 
55,single line mode, एकल पंक्ति मोड , एकल पंक्ति मोड 
56,running…, चल रहा है , चल रहा है 
57,add, जोड़ें a , जोड़ें a 
58,outrange address, दायरा बाहर पता , दायरा बाहर पता 
59,audio files, ध्वनि फाइल , ध्वनि फाइल 
60,address book, पता पुस्तिका , पता पुस्तिका 
61,transform, रूपांतरित करें t , रूपांतरित करें t 
62,previous message, पूर्व संदेश p , पूर्व संदेश p 
63,dasher module options, डैशर मोड्यूल विकल्प , डैशर मोड्यूल विकल्प 
64,common additional linker flags for all targets in this group, सामान्य अतिरिक्त फ्लैग्स के लिए सभी लक्ष्य इंच यह समूह , सामान्य अतिरिक्त फ्लैग्स के लिए सभी लक्ष्य इंच यह
65,c onfigure, कॉन्फ़िगर करें o , कॉन्फ़िगर करें o 
66,one or more needed gstreamer elements are missing, एक या अधिक gstreamer तत्व अनुपस्थित हैः , एक या अधिक जरूरी gstreamer तत्व अनुपस्थित हैः 
67,whether this tag affects the font stretch, क्या यह टैग फ़ॉन्ट खिंचाव को प्रभावित करेगा , क्या यह टैग फ़ॉन्ट खिंचाव को प्रभावित करेगा 
68,command aborted, कमांड छोड़ा गया , कमांड छोड़ा गया 
69,drawing area, आरेखणक्षेत्र , आरेखणक्षेत्र 
70,text to show the user what to enter into the entry, पाठ को प्रयोक्ता को एंटर प्रविष्टि , पाठ को प्रयोक्ता को एंटर प्रविष्टि 
71,center, बीच में , केंद्रित 
72,description, वर्णन , विवरणः 
73,full name, पूरा नाम , पूरा नाम 
74,develop software in an integrated development environment, सॉफ्टवेयर इंच , सॉफ्टवेयर इंच 
75,cogl specialist, cogl विशेषज्ञ , cogl विशेषज्ञ 
76,undo the last action, पिछली क्रिया रद्द करें , पिछली क्रिया रद्द करें 
77,close project, परियोजना बन्द करें , परियोजना बन्द करें 
78,menu item, मेन्यू मद , मेन्यू मद 
79,row span, कतार स्पैन , कतार स्पैन 
80,s is not a valid uri, s एक वैध uri नहीं है , s एक वैध uri नहीं है 
81,create a template gtk builder interface file, बनाएँ a अतरफलक फ़ाइल , बनाएँ a अतरफलक फ़ाइल 
82,associate, एसोसियेटlevel , एसोसियेटlevel 
83,project name, परियोजना नामः , परियोजना नामः 
84,close project, प्रोजेक्ट बंद करें , परियोजना बन्द करें 
85,brasero burning dvd, ब्रैसेरोडीवीडी लिख रहा है , ब्रैसेरोडीवीडी लिख रहा है 
86,bottom, नीचे , नीचे 
87,list item, सूची मद , सूची मद 
88,next, अगला , अगला 
89,manage associations, क्रिया , क्रिया 
90,highlight syntax, उभारें , उभारें 
91,print, छापें p , छापें 
92,find and r eplace…, ढूंढें और आर , ढूंढें और आर 
93,a generic gtk project, जेनेरिक gtk प्रोजेक्ट , जेनेरिक gtk प्रोजेक्ट 
94,s top program, प्रोग्राम को रोकें , प्रोग्राम को रोकें 
95,enable all, सभी सक्षम करें , सभी सक्षम करें 
96,copying disc, डिस्क कॉपी करें , डिस्क कॉपी करें 
97,profiling data, प्रोफाईलिंग पुन सेट करें , प्रोफाईलिंग पुन सेट करें 
98,profiling, प्रोफाइलिंग , प्रोफाइलिंग 
99,start a new instance and do not open the file in an existing instance, प्रारंभ a नया और नहीं खोलें फ़ाइल इंच , प्रारंभ a नया और नहीं खोलें फ़ाइल इंच 
100,fortress, किला , किला 
101,compile file, कम्पाइल फ़ाइल , कम्पाइल फ़ाइल 
102,time, समय , समय 
103,function name, फंक्शन नाम , हिस्से 
104,please enter a revision, कृपया एंटर a , कृपया एंटर a 
105,status completed, वर्तमान फाइल संग्रहित करें , वर्तमान फाइल संग्रहित करें 
106,top, ऊपर , को 
107,pause outside of canvas, कैनवास के बाहर रोकें , कैनवास के बाहर रोकें 
108,show log, दिखाएँ लॉग , दिखाएँ लॉग 
109,you must provide a tool command, आप a कमांड , आप a कमांड 
110,the buffer for the text, पाठ के लिए बफर , पाठ के लिए बफर 
111,path, पथ , पथ 
112,isabel, इसाबेल , इसाबेल 
113,repository status, रेपोसिटरी स्थितिः , रेपोसिटरी स्थितिः 
114,burning disc, डिस्क लिख रहा है , डिस्क लिख रहा है 
115,project root uri, परियोजना रूट यूआरआई , परियोजना रूट यूआरआई 
116,find symbol, ढूंढें प्रतीक , ढूंढें प्रतीक 
117,height of assistant window, सहायक विंडो की ऊंचाई , सहायक विंडो की ऊंचाई 
118,objective c compiler flags, सी फ्लैग्सः , सी फ्लैग्सः 
119,list of plugins for this profile, सूची का के लिए यह , सूची का के लिए यह 
120,trace misc drawing, विभिन्न आरेखण को ट्रेस करें , विभिन्न आरेखण को ट्रेस करें 
121,save a ll, सभी सहेजें , सभी सहेजें 
122,dvd r dual layer, dvd r दोहरा स्तर , dvdr दोहरा स्तर 
123,anjuta is unable to attach to itself, anjuta है को को स्वयं से , anjuta है को को स्वयं से 
124,video test, वीडियो जाँचscreencast , वीडियो जाँचscreencast 
125,always left to right, बांयें से दाहिने , बांयें से दाहिने 
126,remove the four of diamonds, ईंट का दहला हटाएँ , ईंट का दहला हटाएँ 
127,remote, रिमोट , रिमोट 
128,synchronization file, तुल्यकालन uri , तुल्यकालन uri 
129,berkeley software distribution license bsd, berkeley software distribution license bsd , berkeley software distribution license bsd 
130,native format, देशी प्रारूप f , देशी प्रारूप f 
131,s gstreamer plugin, s gstreamer plugin , s gstreamer plugin 
132,no disc available, कोई डिस्क उपलब्ध नहीं , कोई डिस्क उपलब्ध नहीं 
133,the foundation, न्यास , न्यास 
134,the rotation angle on the y axis, y अक्ष पर घुमाव कोण , y अक्ष पर घुमाव कोण 
135,growisofs burning suite, growisofs बर्निंग सूट , growisofs बर्निंग सूट 
136,switch to previous document, बदलें को दस्तावेज़ , बदलें को दस्तावेज़ 
137,selectable, चयन योग्य , चयन योग्य 
138,preview the current file in print format, पूर्वावलोकन फ़ाइल इंच छापें , पूर्वावलोकन फ़ाइल इंच छापें 
139,open an executable or attach to a process to start debugging, खोलें या को a process को प्रारंभ नहीं , खोलें या को a process को प्रारंभ नहीं 
140,missing, अनुपस्थित , अनुपस्थित 
141,keep aspect ratio, आस्पेक्ट रेशो बनाए रखें , आस्पेक्ट रेशो बनाए रखें 
142,all books, सभी पुस्तकों , सभी पुस्तकों 
143,blurb, blurb , blurb 
144,replace symbolic links by their targets, उनके लक्ष्य मुताबिक सांकेतिक कड़ी बदलें , उनके लक्ष्य मुताबिक सांकेतिक कड़ी बदलें 
145,c source file, c स्रोत फ़ाइल , c स्रोत फ़ाइल 
146,process s ended with an error code i, प्रक्रिया s किसी त्रुटि कोड i के साथ समाप्त हुआ , प्रक्रिया s किसी त्रुटि कोड i के साथ समाप्त हुआ 
147,dump atlas images, एटलस के छवियों को डंप करें , एटलस के छवियों को डंप करें 
148,suspend video, वीडियो सस्पेंड करें v , वीडियो सस्पेंड करें v 
149,cancel ongoing burning, चालू लेखन रद्द करें , चालू लेखन रद्द करें 
150,continue, जारी रखें , जारी रखें c 
151,loading…, लोड कर रहा है , लोड कर रहा है 
152,pileon, पाइलेअन , पाइलेअन 
153,a generic c project, जेनेरिक c प्रोजेक्ट , जेनेरिक c प्रोजेक्ट 
154,python source files, पायथन श्रोत फ़ाइल , पायथन श्रोत फ़ाइल 
155,struct, struct , struct 
156,discard changes, बदलाव त्यागें d , बदलाव त्यागें d 
157,outline rectangles, आयतों की रूपरेखा , आयतों की रूपरेखा 
158,impossible to link plugin pads, प्लगइन पैड को कड़ीबद्ध करने में असमर्थ , प्लगइन पैड को कड़ीबद्ध करने में असमर्थ 
159,recent projects, हालिया परियोजनाः , हालिया परियोजनाः 
160,anjuta manual, anjuta हस्तचालित , anjuta हस्तचालित 
161,repeat count, गणना दोहराएँ , गणना दोहराएँ 
162,minimum increment, न्यूनतम वृद्धि , न्यूनतम वृद्धि 
163,destination, गंतव्यः , गंतव्यः 
164,cheese, चीज , चीज 
165,artist, कलाकार , कलाकारः 
166,branches, निगरानी , निगरानी 
167,switch your local copy to a branch or tag in the repository, बदलें स्थानीय कॉपी करें को a या इंच , बदलें स्थानीय कॉपी करें को a या इंच 
168,select widgets in the workspace, वर्क स्पेस में विजेट चुनें , वर्क स्पेस में विजेट चुनें 
169,saturation, संतृप्ति , संतृप्ति 
170,common additional objective c compiler flags for all targets in this group, सामान्य अतिरिक्त सी फ्लैग्स के लिए सभी लक्ष्य इंच यह समूह , सामान्य अतिरिक्त सी फ्लैग्स के लिए सभी लक्ष्य इ
171,rows, पंक्तियाँ , पंक्तियां 
172,clang analyzer, clang विश्लेषक , clang विश्लेषक 
173,there are many sources from which to collect the remaining amount, शेष राशि के लिए कई स्रोत है। , शेष राशि के लिए कई स्रोत है। 
174,folder to create patches in, फ़ोल्डर को इंचः , फ़ोल्डर को इंचः 
175,make the selected text lowercase, चयनित पाठ्य का रंग चुनें , मेक चयनित पाठ लोअरकेस 
176,no file selected, कोई फ़ाइल चयनित नहीं , कोई फ़ाइल चयनित नहीं 
177,it doesn t appear to be a valid disc image or a valid cue file, यह वैध डिस्क छवि या वैध क्यू फ़ाइल प्रतीत नहीं होती है , यह वैध डिस्क छवि या वैध क्यू फ़ाइल प्रतीत नहीं
178,allow to add more data to the disc later, अधिक आँकड़ा को डिस्क में बाद में जोड़ने की छूट दें , अधिक आँकड़ा को डिस्क में बाद में जोड़ने की छू
179,information, जानकारी , जानकारी 
180,renaming mode, पुनर्नामकरण मोड , पुनर्नामकरण मोड 
181,ongoing burning process, चालू बर्निंग प्रक्रिया , चालू बर्निंग प्रक्रिया 
182,selection bound, चयन सीमा , चयन सीमा 
183,h ypertext, हाइपरपाठ , हाइपरपाठ 
184,outgoing mail servers, भेजे जाने वाले मेल , भेजे जाने वाले मेल 
185,cogl texture, cogl संरचना , cogl संरचना 
186,failed to parse project the project is opened but there will be no project view s s, असफल को है नहीं से से नहीं , असफल को है नहीं से से नहीं 
187,allows to check file integrities on a disc, डिस्क पर फाइल अखंडता को जाँचने की अनुमति दें , डिस्क पर फाइल अखंडता को जाँचने की अनुमति दें 
188,diff uncommitted changes, डिफ , डिफ 
189,remove the ten of clubs, चिड़ी का दहला हटाएँ , चिड़ी का दहला को हटायें 
190,environment, वातावरण , वातावरण 
191,give your application an accessibility workout, अपने अनुप्रयोग को पहुंचनीयता व्यायाम का लाभ दें , अपने अनुप्रयोग को पहुंचनीयता व्यायाम का लाभ दें 
192,self, स्वयं , स्वयं 
193,selected application, चुने गए अनुप्रयोग , चुने गए अनुप्रयोग 
194,no parent could be found in the tree for the path s, कोई जनक s पथ के लिए तररू में नहीं मिल सका , कोई जनक s पथ के लिए तररू में नहीं मिल सका 
195,do you prefer coffee to tea check it out, को जाँच बाहर , को जाँच बाहर 
196,analyzer, विश्लेषक a , विश्लेषक a 
197,move s onto s, s खिसकाएँ s पर , s खिसकाएँ s पर 
198,bcc, बीसीसी , बीबीसी 
199,the session could not be imported, यह सत्र आयात नहीं किया जा सका , यह सत्र आयात नहीं किया जा सका 
200,tool operations, टूल औजार , टूल औजार 
201,the spacing between columns, स्तम्भ के बीच स्थान , स्तम्भ के बीच स्थान 
202,new library, नयी लाइब्रेरी , नयी लाइब्रेरी 
203,choose file or directory to update, फ़ाइल या निर्देशिका को अद्यतन करने के लिए चुनेंः , फ़ाइल या निर्देशिका को अद्यतन करने के लिए चुनेंः 
204,the six of clubs, चिड़ी का छक्का , चिड़ी का छक्का 
205,run from the cursor, कर्सर में चलाएँ , कर्सर में चलाएँ 
206,interface viewer, अंतराफलक दर्शक , अंतराफलक दर्शक 
207,basic information, बेसिक सूचना , बेसिक सूचना 
208,final scale on the y axis, y अक्ष पर फाइनल स्केल , y अक्ष पर फाइनल स्केल 
209,selection, चयन s , चयन s 
210,converts any video file into a format suitable for video dvds, vob किसी वीडियो फाइल को वीडियो dvd के लिए उपयुक्त प्रारूप में ट्रांसकोड करने की छूट देता है , vob किसी वीडियो फाइल को वीडियो dvd के लिए उपयुक्त प्
211,real disc burning will take place in seconds, रीयल डिस्क बर्निंग सेकेंड में होगा , रीयल डिस्क बर्निंग सेकेंड में होगा 
212,isdn, isdn , isdn 
213,the device timed out, इस युक्ति का समय समाप्त हो गया , इस युक्ति का समय समाप्त हो गया 
214,q, qcard symbol , qcard symbol 
215,show session management options, दिखाएँ सत्र प्रबंधन विकल्प , दिखाएँ सत्र प्रबंधन विकल्प 
216,c source file, c स्रोत फ़ाइल , c स्रोत फ़ाइल 
217,sign this tag, इस टैग को हस्ताक्षर करें , इस टैग को हस्ताक्षर करें 
218,adds c support to the project so that c source files can be built, सी समर्थन को सी श्रोत फ़ाइल बिल्ट , सी समर्थन को सी श्रोत फ़ाइल बिल्ट 
219,repeat the contents rather than scaling them vertically, सामग्री को दोहराने के बजाय उन्हें अनुलंब स्केलिंग करें , सामग्री को दोहराने के बजाय उन्हें अनुलंब स्केलिंग
220,go to symbol declaration, जाएँ को डिक्लेरेशन , जाएँ को डिक्लेरेशन 
221,image style, छवि शैलीः , छवि शैलीः 
222,please enter a url, कृपया एंटर a url , कृपया एंटर a url 
223,base path, पथ , पथ 
224,remove the nines, नहला मिटाएँ , नहला मिटाएँ 
225,high, उच्च , उच्च 
226,detach the transition when completed, पूर्ण होने पर संक्रमण को अलग करें , पूर्ण होने पर संक्रमण को अलग करें 
227,brasero will simulate the burning and if it is successful go on with actual burning after seconds, ब्रैसेरो लिखने का सिमुलेट करेगा और यदि यह सफल है सेकेंड में वास्तविक लेखन करें , ब्रैसेरो लिखने का सिमुलेट करेगा और यदि यह सफल है स
228,edit, संपादित करें , संपादन e 
229,activatable, क्रियाशील योग्य , क्रियाशील योग्य 
230,disable non power of two textures, दो संरचना के गैर सत्ता को अक्षम करें , दो संरचना के गैर सत्ता को अक्षम करें 
231,audio and data disc s, ध्वनि और आँकड़ा डिस्क s , ध्वनि और आँकड़ा डिस्क s 
232,standard output, मानक आउटपुटः , मानक आउटपुटः 
233,get a hint for your next move, अगली चाल हेतु संकेत प्राप्त करें , अगली चाल हेतु संकेत प्राप्त करें 
234,documents, दस्तावेज़ , दस्तावेज़ 
235,diff, diff , डिफ 
236,enable early h, आरंभिक h सक्षम करें , प्रारंभिक h सक्षम करें e 
237,could not register to, इसमें पंजीयन नहीं कर सका , इसमें पंजीयन नहीं कर सका 
238,display the projects recently opened, हाल में खुले परियोजना दिखाएँ , हाल में खुले परियोजना दिखाएँ 
239,extra space at the right, दायाँ किनारे पर अतिरिक्त स्थान , दायाँ किनारे पर अतिरिक्त स्थान 
240,objective c compiler flags, सी फ्लैग्सः , सी फ्लैग्सः 
241,disable fallback caches for arbfp and glsl programs, arbfp और glsl प्रोग्राम्स के लिए प्रोग्राम कैश अक्षम करें , arbfp और glsl प्रोग्राम्स के लिए प्रोग्राम कैश 
242,continue suspend, जारी रखेंस्थगित , जारी रखेंस्थगित 
243,copying file, फाइल नक़ल की जा रही है , फाइल नक़ल की जा रही है 
244,autoplay, स्वचालित , स्वचालित 
245,commit…, कमिट , कमिट 
246,unable to find plugin registration function s in module s, को प्लगइन पंजीयन फंक्शन से इंच से , को प्लगइन पंजीयन फंक्शन से इंच से 
247,convert end of line characters to dos eol crlf, बदलें अंत पंक्ति अक्षर को डॉस eol , बदलें अंत पंक्ति अक्षर को डॉस eol 
248,subversion switch complete, सबवर्सन बदलें पूर्ण , सबवर्सन बदलें पूर्ण 
249,left shift, बायां शिफ्ट , बायां शिफ्ट 
250,use animations, चल छवि का प्रयोग करें , चल छवि का प्रयोग करें 
251,new file project and project components, नया फ़ाइल और घटक , नया फ़ाइल और घटक 
252,disable syntax highlighting, वाक्य रचना हाइलाइटिंग निष्क्रिय करें , वाक्य रचना हाइलाइटिंग निष्क्रिय करें 
253,remove a file directory from subversion tree, हटाएँ a फ़ाइल निर्देशिका से सबवर्सन ट्री , हटाएँ a फ़ाइल निर्देशिका से सबवर्सन ट्री 
254,check module, साफ मोड्यूल , साफ मोड्यूल 
255,desktop frame, डेस्कटॉप फ्रेम , डेस्कटॉप फ्रेम 
256,merge changes into working copy, मिलाएं कॉपी करें , मिलाएं कॉपी करें 
257,use revision tag, उपयोगः , उपयोगः 
258,additional song information, अतिरिक्त गीत सूचना , अतिरिक्त गीत सूचना 
259,make another copy, अन्य कॉपी बनाएँ a , अन्य कॉपी बनाएँ a 
260,gdb plugin, gdb प्लगिन , gdb प्लगिन 
261,the timeline used by the animation, चल छवि के लिए प्रयुक्त टाइम लाइन , चल छवि के लिए प्रयुक्त टाइम लाइन 
262,subversion, सबवर्सन , सबवर्सन 
263,no description, कोई विवरण नहीं , कोई विवरण नहीं 
264,ask a question, पूछें a प्रश्न , पूछें a प्रश्न 
265,paste, चिपकाएँ p , चिपकाएँ p 
266,undo move, चाल वापस लें u , चाल वापस लें u 
267,p references, वरीयताएँ r , वरीयताएँ r 
268,empty project, खाली परियोजना e , खाली परियोजना e 
269,seconds, सेकण्डparts , सेकेंड 
270,copy the selected text to the clipboard, चयनित पाठ को क्लिपबोर्ड पर कॉपी करें , चयनित पाठ को क्लिपबोर्ड पर कॉपी करें 
271,bhagat will be focusing his efforts in the assembly constituencies in chhatisgarh adjacent to jharkhand, भगत झारखंड से सटे छत्तीसगढ़ के विधानसभा क्षेत्रों में खुद को केंद्रित करेंगे। , भगत झारखंड से सटे छत्तीसगढ़ के विधानसभा क्षेत्रो
272,score, अंकः , अंकः 
273,do you want to create an audio cd with dts tracks, क्या आप श्रव्य फाइल के लिए निर्देशिका के अंदर खोजना चाहते हैं , क्या आप डीटीएस ट्रैकस के साथ ऑडियो सीडी बनाना 
274,copy files folders, नक़ल फ़ाइल , नक़ल फ़ाइल 
275,four of spades, हुकुम का चव्वा , हुकुम का चव्वा 
276,show or hide the toolbar, उपकरणपट्टी छुपाएँ या दिखाएँ , उपकरणपट्टी छुपाएँ या दिखाएँ 
277,select the transmitted video size, प्रेषित विडियो आकार चुनें , प्रेषित विडियो आकार चुनें 
278,static library libtool, स्थिर लाइब्रेरी , स्थिर लाइब्रेरी 
279,remote repositories, रिमोट रिपॉजिटरीः , रिमोट रिपॉजिटरीः 
280,editor print operations, संपादक छापें , संपादक छापें 
281,create a new empty folder, एक नया खाली फोल्डर बनाएँ , एक नया खाली फोल्डर बनाएँ 
282,progress mode, प्रगति मोड , प्रगति मोड 
283,comment, टिप्पणी , टिप्पणी 
284,disables cogl s attempts to clip some rectangles in software, cogl द्वारा सॉफ़्टवेयर में कुछ आयतों को क्लिप करने के प्रयास को अक्षम करता है , cogl द्वारा सॉफ़्टवेयर में कुछ आयतों को क्लिप
285,get stack trace, पाएं , पाएं 
286,preferred plugins, वरीय प्लगिन , वरीय प्लगिन 
287,move something on to an empty reserve, खाली बची अतिरिक्त जगह पर कुछ ले जाएँslot type , खाली बची अतिरिक्त जगह पर कुछ ले जाएँslot type 
288,the column the widget resides in, स्तंभ जिसमें विजेट रहता है , स्तंभ जिसमें विजेट रहता है 
289,cursor position, कर्सर स्थिति , कर्सर स्थिति 
290,joker, जोकरcard symbol , जोकरcard symbol 
291,remove the sixes, छक्का मिटाएँ , छक्का मिटाएँ 
292,translation z, अनुवाद z , अनुवाद z 
293,skip level, स्तर छोडें l , स्तर छोडें l 
294,editor navigations, छैतिज पैमाना , संपादक 
295,getter, getter , getter 
296,type, क़िस्म , क़िस्मः 
297,load, लोड , लोड 
298,initial scale on the y axis, y अक्ष पर आरंभिक स्केल , y अक्ष पर आरंभिक स्केल 
299,program s is not a local file, प्रोग्राम से है नहीं a स्थानीय फ़ाइल , प्रोग्राम से है नहीं a स्थानीय फ़ाइल 
300,so a nonstory then, इसलिए फिर अकहानी। , इसलिए फिर अकहानी। 
301,an internal error occured s, आंतरिक त्रुटि आई s , आंतरिक त्रुटि आई s 
302,cvs plugin, cvs प्लगिन , cvs प्लगिन 
303,five of diamonds, ईंट का पंजा , ईंट का पंजा 
304,s is not a valid uri, s एक वैध uri नहीं है , s एक वैध uri नहीं है 
305,group s, समूहः s , समूहः s 
306,function finished, फंक्शन पूर्ण नहीं , फंक्शन पूर्ण नहीं 
307,child count, बाल गणना , बाल गणना 
308,merge changes into your working copy, मिलाएं कॉपी करें , मिलाएं कॉपी करें 
309,load the last project that was not burned and not saved, अंतिम परियोजना लोड करें जो नहीं लिखी और नहीं सहेजी गई थी , अंतिम परियोजना लोड करें जो नहीं लिखी और नहीं 
310,shuffle mode, फेंटें मोड , फेंटें मोड 
311,review crash details, क्रैश विवरण की समीक्षा करें r , क्रैश विवरण की समीक्षा करें r 
312,he was threatened that if the money was not paid narendra would be killed or his daughter would be kidnapped, नहीं देने पर नरेंद्र को जान से मारने अथवा उनकी पुत्री को उठाने की धमकी दी गई है। , नहीं देने पर नरेंद्र को जान से मारने अथवा उनकी प
313,no clear hint, कोई साफ संकेत नहीं , कोई साफ संकेत नहीं 
314,review description, विवरण की समीक्षा करें r , विवरण की समीक्षा करें r 
315,recent files, हालिया फ़ाइल , हालिया फ़ाइल 
316,two of spades, हुकुम का दुक्का , हुकुम का दुक्का 
317,program s is not a local file, प्रोग्राम से है नहीं a स्थानीय फ़ाइल , प्रोग्राम से है नहीं a स्थानीय फ़ाइल 
318,berkeley software distribution license bsd, berkeley software distribution license bsd , berkeley software distribution license bsd 
319,all files, सभि फ़ाइल a , सभी फ़ाइलें 
320,set to default, तयशुदा में सेट करें , तयशुदा में सेट करें 
321,fetch remote branches after creation, रिमोट पश्चात , रिमोट पश्चात 
322,the material to be used when painting the back of the actor, कर्ता के पीछे पेंटिंग के दौरान इस्तेमाल किया जाने वाला सामग्री , कर्ता के पीछे पेंटिंग के दौरान इस्तेमाल किया जाने
323,adjusts brightness level of the picture coming from the camera, वेब कैम से लिए जाने वाले तस्वीर का चमकीलापन का स्तर समायोजित करें , वेब कैम से लिए जाने वाले तस्वीर का चमकीलापन का
324,estimated size s, अनुमानित आकारः s , अनुमानित आकारः s 
325,file assistant, फाइल सहायक , फाइल सहायक 
326,selection bound, चयन सीमा , चयन सीमा 
327,django project information, जैंगो परियोजना सूचना , जैंगो परियोजना सूचना 
328,enable silence detection, मौन जांच सक्षम करें , मौन जांच सक्षम करें 
329,set conflicts as resolved, सेट परस्पर विरोध जैसे हल , सेट परस्पर विरोध जैसे हल 
330,anjuta is unable to attach to itself, anjuta है को को स्वयं से , anjuta है को को स्वयं से 
331,the drive is empty, ड्राइव खाली है , ड्राइव खाली है 
332,could not get data from stream, s खोल रहा है रेफकाउन्ट , s खोल रहा है रेफकाउन्ट 
333,remove the jack of diamonds, ईंट का बादशाह हटाएँ , ईंट का बादशाह हटाएँ 
334,save all currently open files except new files, सहेजें सभी खोलें फ़ाइल नया फ़ाइल , सहेजें सभी खोलें फ़ाइल नया फ़ाइल 
335,photo burst mode, फोटो बर्स्ट विधि , फोटो बर्स्ट विधि 
336,blank disc s, रिक्त डिस्क s , रिक्त डिस्क s 
337,function, फंक्शन , फंक्शन 
338,d s, d srecent menu label , d srecent menu label 
339,dump atlas images, एटलस के छवियों को डंप करें , एटलस के छवियों को डंप करें 
340,color scheme, रंग चयन , रंगः 
341,axis, अक्ष , अक्ष 
342,the disc was successfully blanked, डिस्क को सफलतापूर्वक खाली किया गया , डिस्क को सफलतापूर्वक खाली किया गया 
343,the height of the main window, मुख्य विंडो की ऊँचाई , मुख्य विंडो की ऊँचाई 
344,stop, रूकेंः , रूकें 
345,reset dock layout, रीसेट डॉक लेआउट , लेआउट 
346,command, कमांड , कमांड 
347,creating image, छवि बना रहा है , छवि बना रहा है 
348,next message, अगला संदेश , अगला संदेश 
349,create a new project, नया प्रोजेक्ट बनाएं , नई परियोजना बनाएँः 
350,the alpha used by the animation, चल छवि के द्वारा प्रयुक्त अल्फा , चल छवि के द्वारा प्रयुक्त अल्फा 
351,no stash selected, नहीं चयनित , नहीं चयनित 
352,spacing, अंतरण , अंतरण 
353,about third party anjuta plugins, के बारे में तीसरा anjuta , के बारे में तीसरा anjuta 
354,filter hidden files, छुपी फ़ाइलें फिल्टर करें h , छुपी फ़ाइलें फिल्टर करें h 
355,diagonal, तिर्यक , तिर्यक 
356,cd successfully copied, सीडी सफलतापूर्वक कॉपी किया गया , सीडी सफलतापूर्वक कॉपी किया गया 
357,authentication canceled, सत्यापन , सत्यापन 
358,apply mailbox files, सभी फ़ाइलें , लागू करें डाक डिब्बा फ़ाइल 
359,burn the image directly without saving it to disc, छवि को सीधे बिना डिस्क पर सहेजे लिखें w , छवि को सीधे बिना डिस्क पर सहेजे लिखें w 
360,debug the creation of texture slices, संरचना स्लाइस की रचना को डीबग करें , संरचना स्लाइस की रचना को डीबग करें 
361,create corresponding header file, बनाएँ शीर्ष टिप्पणी फ़ाइल , बनाएँ शीर्ष टिप्पणी फ़ाइल 
362,analysing s, s का विश्लेषण कर रहा है , s का विश्लेषण कर रहा है 
363,s s, s s , s s 
364,files, फ़ाइल , फ़ाइल 
365,show dialog, दिखाएँ संवाद , दिखाएँ संवाद 
366,last, अंतिम , अंतिम 
367,no file filtered, कोई फाइल फिल्टर नहीं किया गया , कोई फाइल फिल्टर नहीं किया गया 
368,import training text, प्रशिक्षण पाठ आयात करें i , प्रशिक्षण पाठ आयात करें i 
369,not implemented, लागू नहीं किया है , क्रियान्वित नहीं हुआ है 
370,scale center x, अनुमापक केंद्र x , अनुमापक केंद्र x 
371,place the five of clubs next to the four of clubs, चिड़ी की चौवा के बगल में चिड़ी के पंजा को रखें , चिड़ी की चौवा के बगल में चिड़ी के पंजा को रखें 
372,module, मोड्यूल , मोड्यूल 
373,alpha object to drive the behaviour, व्यवहार ड्राइव करने के लिए अल्फा ऑब्जेक्ट , व्यवहार ड्राइव करने के लिए अल्फा ऑब्जेक्ट 
374,usmexico drug tunnel with its own railway found, यूएसमेक्सिको ड्रग सुरंग में स्वयं की रेलवे पायी गई , यूएसमेक्सिको ड्रग सुरंग में स्वयं की रेलवे पा
375,spin button, स्पिन बटन , स्पिन बटन 
376,video size, वीडियो आकार , वीडियो आकार 
377,six foundations, छह मूलाधार , न्यास 
378,view help for aisleriot, एस्लेरियाट के लिये सहायता देखें , एस्लेरियाट के लिये सहायता देखें 
379,not implemented, क्रियान्वित नहीं हुआ है , क्रियान्वित नहीं हुआ है 
380,vietnamese, विएतनामी , विएतनामी 
381,the s utility is not installed please install it, से है नहीं अधिष्ठापित करें , से है नहीं अधिष्ठापित करें 
382,cover editor, आवरण संपादक , आवरण संपादक c 
383,update watch, अद्यतन निरीक्षण करें , अद्यतन निरीक्षण करें 
384,add files, फाइल जोड़ें a , जोड़ें फ़ाइलः 
385,text color as a gdkcolor, पाठ्य रंग gdkcolor की तरह , पाठ्य रंग gdkcolor की तरह 
386,number, संख्या , संख्या 
387,move a onto an empty left slot, a को एक खाली फील्ड में ले जाएँ , a को एक खाली बचा खाँचा में ले जाएँ 
388,couldn t create a directory mkdir failed on pathname s, डायरेक्टरी नहीं बना पाया mkdir पाथनाम s पर असफल रहा , डायरेक्टरी नहीं बना पाया mkdir पाथनाम s पर असफ
389,merge a selected slice with the next selected one, एक चुना गया स्लाइस मिलाएँ दूसरे चयनित के साथ , एक चुना गया स्लाइस मिलाएँ दूसरे चयनित के साथ 
390,remote, रिमोट , रिमोट 
391,quit, बाहर q , बाहर q 
392,reset tree to a previous revision, रीसेट ट्री को a , रीसेट ट्री को a 
393,alert, सावधान , सावधान 
394,create a video dvd or an svcd, कोई विडियो डीवीडी या एसवीसीडी बनाएँ , कोई विडियो डीवीडी या एसवीसीडी बनाएँ 
395,s in s, s s में , s s में 
396,try dealing a row of cards, ताशों को फेंट कर देखें , ताशों को फेंट कर देखें 
397,parts, हिस्से में , हिस्से में 
398,popup dialog, पॉपअप संवाद , पॉपअप संवाद 
399,use animations, चल छवि का प्रयोग करें , चल छवि का प्रयोग करें 
400,placed, स्थापित , स्थापित 
401,title, शीर्षक , शीर्षक 
402,specify the size and location of the main window, आकार और स्थान का मुख्य विंडो , आकार और स्थान का मुख्य विंडो 
403,don t save, मत सहेजें , मत सहेजें 
404,generic, ज़ेनेरिक , जेनेरिक 
405,split, विभाजित करें , बाँटें s 
406,file name s, फाईल का नाम s , फाईल का नाम s 
407,path to cover, आवरण का पथ , आवरण का पथ 
408,replace, बदलें r , बदलें r 
409,apply mailbox files, लागू करें डाक डिब्बा फ़ाइल , लागू करें डाक डिब्बा फ़ाइल 
410,reset the widgets docking layout to default, रीसेट को डिफ़ॉल्ट , रीसेट को डिफ़ॉल्ट 
411,remove the tens, दहला मिटाएँ , दहला मिटाएँ 
412,cancel loading, लोड करना रद्द करें c , लोड करना रद्द करें c 
413,,  , 
414,show session management options, दिखाएँ सत्र प्रबंधन विकल्प , दिखाएँ सत्र प्रबंधन विकल्प 
415,cvs, सीवीएस , cvs 
416,discard project, परियोजना छोड़ें d , परियोजना छोड़ें d 
417,makefile project, मेकफाइल परियोजना , मेकफाइल परियोजना 
418,waste, बरबादीfoundationslot hint , बरबादीfoundationslot hint 
419,check, जाँच बाहर , जांचें c 
420,remove all, सभी मिटाएँ , सभी मिटाएँ 
421,switch to next document, बदलें को दस्तावेज़ , बदलें को दस्तावेज़ 
422,recording audio tracks on a rewritable disc is not advised, फिर लिखने योग्य डिस्क में ऑडियो ट्रैक की रिकॉर्डिंग सलाहकारी नहीं है , फिर लिखने योग्य डिस्क में ऑडियो ट्रैक की रिकॉर
423,breakpoint operations, कड़ी की विशेषताएँ , ब्रेकपाइंट संचालन 
424,please insert a writable cd or dvd, कृपया किसी लिखने योग्य सीडी या डीवीडी को घुसाएँ , कृपया किसी लिखने योग्य सीडी या डीवीडी को घुसाएँ 
425,leave the disc open to add other files later, डिस्क को खुला छोड़ें अन्य फाइलों को जोड़ने के लिए o , डिस्क को खुला छोड़ें अन्य फाइलों को जोड़ने के 
426,patching complete, पूर्ण , पूर्ण 
427,due date, नियत तारीख़ , balsa head hi po balsa x दिनांक gnomeutils gno
428,unknown error, अनजान त्रुटि , अज्ञात त्रुटि 
429,the password for the user id above if any, उपयोक्ता id ऊपर के लिए कूटशब्द यदि कोई है , उपयोक्ता id ऊपर के लिए कूटशब्द यदि कोई है 
430,discard, त्यागें d , त्यागें d 
431,fortress, किला , किला 
432,the disc could not be ejected though it needs to be removed for the current operation to continue, डिस्क बाहर निकाला नहीं जा सकता हालांकि इसे हटाना जरुरी है मौजूदा प्रक्रिया को जारी रखने के लिए , डिस्क बाहर निकाला नहीं जा सकता हालांकि इसे हटाना 
433,give your application an accessibility workout, अपने अनुप्रयोग को पहुंचनीयता व्यायाम का लाभ दें , अपने अनुप्रयोग को पहुंचनीयता व्यायाम का लाभ दें 
434,s generating inheritances…, से , से 
435,to edge, किनारा में , किनारा में 
436,selected accessible, चुने गए एक्सेसेबेल , चुने गए एक्सेसेबेल 
437,tag s, टैग s , टैग s 
438,edit, संपादित करें , संपादन e 
439,control mode, नियंत्रण मोड , नियंत्रण मोड 
440,patch failed please review the failure messages examine and remove any rejected files, असफल और मिटाएँ कोई फ़ाइल नहीं , असफल और मिटाएँ कोई फ़ाइल नहीं 
441,folder to create patches in, फ़ोल्डर को इंचः , फ़ोल्डर को इंचः 
442,detaching the process…, process नहीं , प्रक्रिया में जोड़ें 
443,trace all matrix manipulation, सारे मैट्रिक्स परिवर्तन ट्रेस करें , सारे मैट्रिक्स परिवर्तन ट्रेस करें 
444,help, सहायता h , मदद h 
445,e mpty project, परियोजना खाली करें m , परियोजना खाली करें m 
446,next part, अगला हिस्सा , अगला हिस्सा 
447,description, वर्णन , विवरणः 
448,save current project, मौजूदा परियोजना सहेजें , सहेजें मौज़ूदा परियोजना 
449,delete selected tags, मिटाएँ चयनित टैग , मिटाएँ चयनित टैग 
450,could not find the gdb cmd file please try reinstalling bug buddy, gdbcmd फ़ाइल नहीं मिला कृपया बग बड्डी को पुनः संस्थापित कर कोशिश करें , gdbcmd फ़ाइल नहीं मिला कृपया बग बड्डी को पुनः संस्
451,at the same time they would take out loans against these counterfeit documents, वहीं इन जाली कागजात पर लोन ले लेते थे। , वहीं इन जाली कागजात पर लोन ले लेते थे। 
452,stock left a, बचा मालः a , बचा मालः a 
453,the program is running do you still want to stop the debugger, प्रोग्राम है कार्यशील को रोकें no such file or directory , प्रोग्राम है कार्यशील को रोकें no such file or dire
454,you have new mail, प्रिन्ट , प्रिन्ट 
455,sales have increased by to since last year, ऐसी खरीदारी में बीते वर्ष की अपेक्षा से फीसदी बढ़ोतरी हुई है। , ऐसी खरीदारी में बीते वर्ष की अपेक्षा से फीसदी बढ
456,include defaults, डिफोल्टों को शामिल करें , डिफोल्टों को शामिल करें 
457,activated plugins, सक्रिय प्लगिन , सक्रिय प्लगिन 
458,please report this bug to the developers, डेवलेपर को इस बग को रिपोर्ट करें , डेवलेपर को इस बग को रिपोर्ट करें 
459,the depth in number of bits of the pixmap bound to this texture, इस बनावट के लिए पिक्समेप की गहराई बिट्स की संख्या में बाध्य हैं , इस बनावट के लिए पिक्समेप की गहराई बिट्स की संख्य
460,lesser general public license lgpl, lesser general public license lgpl , lesser general public license lgpl 
461,add a new package to the project, जोड़ें a नया पैकेज को , जोड़ें a नया पैकेज को 
462,selected file s extension in the file manager plugin, चयनित फ़ाइल से इंच फ़ाइल प्लगइन , चयनित फ़ाइल से इंच फ़ाइल प्लगइन 
463,no remote selected, नहीं रिमोट चयनित , नहीं रिमोट चयनित 
464,copying audio track d, ऑडियो ट्रैक d की नक़ल कर रहा है , ऑडियो ट्रैक d की नक़ल कर रहा है 
465,four of hearts, लाल पान का चव्वा , लाल पान का चव्वा 
466,description, वर्णन , विवरणः 
467,title, शीर्षक , शीर्षक 
468,mode, मोड , मोड 
469,new separator, नया पृथक्कारक s , नया पृथक्कारक s 
470,starter, प्रारंभ , प्रारंभ 
471,edit information…, सूचना संपादित करें e , सूचना संपादित करें e 
472,balsa s, बल्सा sshown mailbox s with d messages d new d hidden , बल्सा sshown mailbox s with d messages d new d h
473,move a onto an empty tableau slot, a को एक खाली तस्वीर खाँचा पर ले जाएँ , खाली तस्वीर खाँचा पर बादशाह को ले जाएँ 
474,, number , 
475,option setting is missing, विकल्प सेटिंग गुम है , विकल्प सेटिंग गुम है 
476,accessible layer, पहुँच योग्य परत , पहुँच योग्य परत 
477,move selected codec priority downwards, चयनित कोडेक प्राथमिकता को नीचे की ओर खिसकाएँ , चयनित कोडेक प्राथमिकता को नीचे की ओर खिसकाएँ 
478,use vcdimager to create svcds, vcdimager का प्रयोग svcd बनाने के लिए करें , vcdimager का प्रयोग svcd बनाने के लिए करें 
479,location for temporary files, अस्थायी फ़ाइल के लिए स्थान t , अस्थायी फ़ाइल के लिए स्थान t 
480,thereafter the original owner would be left running to the police and administration, इसके बाद जमीन का असली मालिक पुलिस व प्रशासन के धक्के खाता रह जाता था। , इसके बाद जमीन का असली मालिक पुलिस व प्रशासन के 
481,the color and opacity of the highlight fill, हाइलाइट किया गया भराई का रंग और पारदर्शिता। , हाइलाइट किया गया भराई का रंग और पारदर्शिता। 
482,cannot open s s, खोलें से नहीं नहीं से , खोलें से नहीं नहीं से 
483,tile waste, टाइल वेस्ट , टाइल वेस्ट 
484,this file is a video and therefore only the audio part can be written to the disc, यह फाइल वीडियो है और इसलिए केवल ऑडियो हिस्सा इस डिस्क पर लिखा जाएगा , यह फाइल वीडियो है और इसलिए केवल ऑडियो हिस्सा इस 
485,tries to highlight sub optimal cogl usage, उप अनुकूलित cogl प्रयोग को आलोकित करने की कोशिश करता है , उप अनुकूलित cogl प्रयोग को आलोकित करने की कोशिश
486,there was an error whilst launching the debugger, त्रुटि नहीं , मदद दर्शाने में त्रुटिः s 
487,final value, अंतिम मान , अंतिम मान 
488,internal frame, आन्तरिक फ्रेम , आन्तरिक फ्रेम 
489,the keyboard geometry caribou should use, कुँजीपटल ज्यामिति कैरिबू को उपयोग करना चाहिए , कुँजीपटल ज्यामिति कैरिबू को उपयोग करना चाहिए 
490,indentation parameters, इंडेन्टेशन पैरामीटर्स , हाशिया पैरामीटर 
491,genre, घराना , घराना 
492,redo, दोहराएँ r , दोहराएँ r 
493,the jack of clubs, चिड़ी का गुलाम , चिड़ी का गुलाम 
494,scroll bar, स्क्रॉल पट्टी , स्क्रॉल पट्टी 
495,vendor tag, विक्रेता टैगः , विक्रेता टैगः 
496,resolved s, हल से , हल से 
497,those names should be changed and truncated to characters, वे नाम बदले जाने चाहिए और वर्ण तक काटे जाने चाहिए , वे नाम बदले जाने चाहिए और वर्ण तक काटे जाने चाहिए 
498,the track is shorter than seconds, ट्रैक सेकेंड से कम है , ट्रैक सेकेंड से कम है 
499,starting to record, रिकार्ड करने के लिए आरंभ कर रहा है , रिकार्ड करने के लिए आरंभ कर रहा है 
500,add to project, प्रोजेक्ट में सोर्स जोड़ें , जोड़ें को 
501,one suit, एक सूट , एक सूट 
502,do you want to discard the file selection or add it to the new project, क्या आप फ़ाइल चयन को त्यागना या इसे नयी परियोजना में जोड़ना चाहते है , क्या आप फ़ाइल चयन को त्यागना या इसे नयी परियोजन
503,create an image file instead of burning, लिखने के बजाय छवि फाइल बनाये , लिखने के बजाय छवि फाइल बनाये 
504,touch, टच , टच 
505,output version information and exit, आउटपुट संस्करण सूचना और निकास , आउटपुट संस्करण सूचना और निकास 
506,switch to previous document, बदलें को दस्तावेज़ , बदलें को दस्तावेज़ 
507,go to the matching brace in the editor, जाएँ को इंच , जाएँ को इंच 
508,do you want to create a disc from the contents of the image or with the image file inside, क्या आप छवि की सामग्री के साथ डिस्क बनाना चाहते हैं या छवि फाइल के अंदर , क्या आप छवि की सामग्री के साथ डिस्क बनाना चाहत
509,play a card to foundation, आधार पर एक पत्ता ले जाएँ , आधार पर एक पत्ता ले जाएँ 
510,edit contact list properties, संपर्क सूची गुण संपादित करें , संपर्क सूची गुण संपादित करें 
511,y coordinate of the center of rotation, घुमाव केंद्र का y निर्देशांक , घुमाव केंद्र का y निर्देशांक 
512,the file integrity check could not be performed, फाइल अखंडता जाँच नहीं की जा सकी , फाइल अखंडता जाँच नहीं की जा सकी 
513,the killing of soldiers on the border and suicide bombings in samba hiranagar are part of the same strategy, सीमा पर सैनिकों की हत्या सांबा हीरानगर में आत्मघाती हमले इसी रणनीति का हिस्सा हैं। , सीमा पर सैनिकों की हत्या सांबा हीरानगर में आत्
514,php source files, जावा सोर्स कोड , पीएचपी श्रोत फ़ाइल 
515,source directories, डायरेक्टरी का निर्माण करें , स्रोत निर्देशिकाएँ 
516,before using this new configuration the default one needs to be removed do you want to do that, पहले प्रयोग कर रहा है यह नया विन्यास डिफ़ॉल्ट एक को को , पहले प्रयोग कर रहा है यह नया विन्यास डिफ़ॉल्ट 
517,modify, सुधारें , सुधारें 
518,select an alternative audio output device to use for sound events, ध्वनि घटना उपयोग हेतु वैकल्पिक ऑडियो आउटपुट डिवाइस चुनें , ध्वनि घटना उपयोग हेतु वैकल्पिक ऑडियो आउटपुट ड
519,recent projects, हालिया परियोजना r , हालिया परियोजनाः 
520,the file s is read only edit anyway, फ़ाइल से है पढ़ें संपादन , फ़ाइल से है पढ़ें संपादन 
521,no hint available, कोई संकेत उपलब्ध नहीं है , कोई संकेत उपलब्ध नहीं है 
522,there is an item with unsaved changes save changes before closing, है मद के साथ सहेजें पहले , है मद के साथ सहेजें पहले 
523,add additional source paths, अतिरिक्त श्रोत पथ जोड़ें , अतिरिक्त श्रोत पथ जोड़ें 
524,replace buffer, बफर बदलें , बफर बदलें 
525,e ject, बाहर निकालें j , बाहर निकालें j 
526,scroll bar, स्क्रॉल पट्टी , स्क्रॉल पट्टी 
527,view source, श्रोत दिखाएं , श्रोत दिखाएं 
528,item, वस्तु , वस्तु 
529,burst mode, बर्स्ट विधि , बर्स्ट विधि 
530,methods, विधि , विधि 
531,do you really want to carry on with automatic splitting, क्या आप वाकई किसी स्वचालित विभाजन को ले जाना चाहते हैं , क्या आप वाकई किसी स्वचालित विभाजन को ले जाना 
532,s was removed from the file system, s को फ़ाइल तंत्र से हटा दिया गया था , s को फ़ाइल तंत्र से हटा दिया गया था 
533,burst, बर्स्ट b , बर्स्ट b 
534,play sound on new message, नए संदेश पर ध्वनि बजाएं , नए संदेश पर ध्वनि बजाएं 
535,s could not be opened, s खोली नहीं जा सकी , s खोली नहीं जा सकी 
536,navigate to the previous page of effects, प्रभाव के पिछले पन्ने में संचरित करें , प्रभाव के पिछले पन्ने में संचरित करें 
537,please update the following fields, कृपया निम्नलिखित क्षेत्र का अद्यतन करेंः , कृपया निम्नलिखित क्षेत्र अद्यतन करें 
538,brasero will simulate the burning and if it is successful go on with actual burning after seconds, ब्रैसेरो लिखने का सिमुलेट करेगा और यदि यह सफल है सेकेंड में वास्तविक लेखन करें , ब्रैसेरो लिखने का सिमुलेट करेगा और यदि यह सफल है स
539,the track wasn t split, ट्रैक बांटा नहीं गया था , ट्रैक बांटा नहीं गया था 
540,snippet properties, स्निपेट गुण , स्निपेट गुण 
541,wins, जीता , जीताः 
542,start revision, प्रारंभ संशोधनः , प्रारंभ संशोधनः 
543,diff files, डिफ फ़ाइल , डिफ फ़ाइल 
544,remove the seven of clubs, चिड़ी का दहला हटाएँ , चिड़ी का दहला हटाएँ 
545,set a horizontal layout, क्षैतिज लेआउट सेट करें , क्षैतिज लेआउट सेट करें 
546,webcam, वेबकैम , वेबकैम 
547,abort the rebase and return the repository to its previous state, छोड़ें और लौटाएँ को state , छोड़ें और लौटाएँ को state 
548,the three of hearts, लाल पान की तिक्की , लाल पान की तिक्की 
549,background color set, पृष्ठभूमि रंग नियत है , पृष्ठभूमि रंग नियत है 
550,autocomplete, स्वतः पूर्ण a , स्वतःपूर्ण 
551,convert eol to majority eol, बदलें eol को eol , बदलें eol को eol 
552,there are some more songs left to burn, कुछ और गीत लिखने को छूट गई हैं , कुछ और गीत लिखने को छूट गई हैं 
553,offset, ऑफसेट , ऑफसेट 
554,application does not accept documents on command line, कमांड लाइन पर अनुप्रयोग दस्तावेज़ स्वीकार नहीं करता है , कमांड लाइन पर अनुप्रयोग दस्तावेज़ स्वीकार नहीं
555,uri, यूआरआई , यूआरआई 
556,add source file…, जोड़ें स्रोत फ़ाइल , जोड़ें स्रोत फ़ाइल 
557,s s, s s , s s 
558,next message, अगला संदेश , अगला संदेश 
559,cvs remove file directory, cvs remove filedirectory , cvs remove filedirectory 
560,the naushera sdm assured the disabled that their problems could be resolved, एसडीएम नौशहरा ने विकलांगों को आश्वासन दिया कि उनकी समस्याएं हल हो सकती हैं। , एसडीएम नौशहरा ने विकलांगों को आश्वासन दिया कि
561,ntsc, ntsc , ntsc 
562,cannot check an excluded folder, कोई अलग किया फोल्डर जाँच नहीं सकता है , कोई अलग किया फोल्डर जाँच नहीं सकता है 
563,remove the three of diamonds, ईंट का दहला हटाएँ , ईंट का दहला हटाएँ 
564,currently edited file name, फ़ाइल नाम , फ़ाइल नाम 
565,error while opening audio input device s, ऑडियो इनपुट युक्ति s को खोलने के दौरान त्रुटिsilence , ऑडियो इनपुट युक्ति s को खोलने के दौरान त्रुटिsi
566,the project is empty, परियोजना रिक्त है , परियोजना रिक्त है 
567,use system fonts, प्रणाली फोंट का प्रयोग करें , सिस्टम फ़ॉन्ट प्रयोग करें u 
568,translation y, अनुवाद y , अनुवाद y 
569,used, प्रयुक्तः , प्रयुक्तः 
570,blank s in s, s खाली s में , s खाली s में 
571,run program, प्रोग्राम चलाएं , प्रोग्राम चलाएं 
572,medium icon, मध्यम प्रतीकdisc imagepicture , मध्यम प्रतीकdisc imagepicture 
573,blondes and brunettes, ब्लॉड और बर्नेट , ब्लॉड और बर्नेट 
574,a generic project, जेनेरिक प्रोजेक्ट , जेनेरिक प्रोजेक्ट 
575,tree, ट्री , ट्री 
576,use fog, कुहरा का उपयोग करें , कुहरा का उपयोग करें 
577,author email address, लेखक का ईमेल पताः , लेखक का ईमेल पताः 
578,c source files, c श्रोत फ़ाइल , c श्रोत फ़ाइल 
579,attaching to process d, फाइल जोड़ें , फाइल जोड़ें 
580,error the snippet must belong to a group, त्रुटि को a समूह , त्रुटि को a समूह 
581,refresh selected node s children, चुनी गई आसंधियों नोड के शिशुओं को ताजा करें , चुनी गई आसंधियों नोड के शिशुओं को ताजा करें 
582,cd rw audio discs may not play correctly in older cd players, cdrw ऑडियो डिस्क पुराने सीडी प्लेयर में ठीक से बज नहीं सकता है , cdrw ऑडियो डिस्क पुराने सीडी प्लेयर में ठीक से बज
583,startup, स्टार्टअप , स्टार्टअप 
584,validating, पुष्टि कर रहे हैं , पुष्टि कर रहे हैं 
585,interrupting the process, process नहीं , process नहीं 
586,whether the filename property is set, क्या फ़ाइल नाम गुण सेट है , क्या फ़ाइल नाम गुण सेट है 
587,standard output, मानक आउटपुटः , मानक आउटपुटः 
588,switch button, स्विच बटन , स्विच बटन 
589,max length, अधिकतम लम्बाई , अधिकतम लम्बाई 
590,romanian, रोमानियाई , रोमानियाई 
591,cdrdao burning suite, cdrdao बर्निंग सूट , cdrdao बर्निंग सूट 
592,shortcuts, शॉर्टकट्स , शॉर्टकट्स 
593,allocate extra space for the child in horizontal axis, क्षैतिज अक्ष में बच्चे के लिए अतिरिक्त स्थान आबंटित , क्षैतिज अक्ष में बच्चे के लिए अतिरिक्त स्थान आ
594,accessible table caption, पहुँच योग्य सारणी शीर्षक , पहुँच योग्य सारणी शीर्षक 
595,python module, पायथन मोड्यूल , मोड्यूल 
596,cancel loading, लोड करना रद्द करें c , लोड करना रद्द करें c 
597,can t pass document uris to a type link desktop entry, दस्तावेज़ uri को type link डेस्कटॉप प्रविष्टि में भेज नहीं सकता है , दस्तावेज़ uri को type link डेस्कटॉप प्रविष्टि मे
598,display cards with “ s” card theme, कार्ड थीम “ s” के साथ कार्ड दिखाएं , कार्ड थीम “ s” के साथ कार्ड दिखाएं 
599,show offline contacts, ऑफलाइन संपर्क दिखाएँ , ऑफलाइन संपर्क दिखाएँ 
600,options, विकल्प , विकल्प 
601,api reference, api संदर्भ , api संदर्भ 
602,cdc issues childrens allergy guidelines for schools, सीडीसी ने विद्यालयों के लिए बच्चों की एलर्जी संबंधी दिशानिर्देश जारी किए , सीडीसी ने विद्यालयों के लिए बच्चों की एलर्जी स
603,save all files, सभी फ़ाइल सहेजें , सभी फ़ाइल सहेजें 
604,first child, प्रथम बच्चा , प्रथम बच्चा 
605,the width of the underlying wayland surface, अन्तर्निहित wayland सतह की चौड़ाई , अन्तर्निहित wayland सतह की चौड़ाई 
606,the two of clubs, चिड़ी की दुक्की , चिड़ी की दुक्की 
607,simulation of video dvd burning, विडियो डीवीडी बर्निंग का सिमुलेशन , विडियो डीवीडी बर्निंग का सिमुलेशन 
608,is used to notify that the value has changed, मान बदल चुका है यह बताने हेतु उपयोग में आता है , मान बदल चुका है यह बताने हेतु उपयोग में आता है 
609,activate fast blanking as opposed to a longer thorough blanking, तेज रिक्तिकरण सक्रिय करें लंबे समग्र रिक्तिकरण के बजाए , तेज रिक्तिकरण सक्रिय करें लंबे समग्र रिक्तिकरण के
610,stock left, बचा मालः , बचा मालः 
611,the nine of spades, हुकुम का नहला , हुकुम का नहला 
612,s i done, s i done , s i done 
613,recently played games, हाल में खेले खेल के नाम , हाल में खेले खेल के नाम 
614,starting s, s शुरू हो रहा है , s शुरू हो रहा है 
615,info function arguments, सूचना फंक्शन आर्गुमेंट्स , सूचना फंक्शन आर्गुमेंट्स 
616,burn image, छवि लिखें i , छवि लिखें i 
617,whether the text is editable, क्या पाठ्य संशोधनीय है , क्या पाठ्य संशोधनीय है 
618,action, क्रिया , क्रिया 
619,yuvraj could not even open his account in the two matches of the series, युवराज तो सीरीज में दो मैचों में खाता भी नहीं खोल पाए हैं। , युवराज तो सीरीज में दो मैचों में खाता भी नहीं खो
620,slovak, स्लोवाक , स्लोवाक 
621,s was removed from the file system, s को फ़ाइल तंत्र से हटा दिया गया था , s को फ़ाइल तंत्र से हटा दिया गया था 
622,save current project, मौजूदा परियोजना सहेजें , सहेजें मौज़ूदा परियोजना 
623,burn as data, बतौर आँकड़ा लिखें f , बतौर आँकड़ा लिखें f 
624,re, re उत्तर , re उत्तर 
625,the border color of the highlight box, हाइलाइट बक्से का सीमांत रंग , हाइलाइट बक्से का सीमांत रंग 
626,end of file, फ़ाइल खोलें , फ़ाइल खोलें 
627,bakers dozen, बेकर्स दर्जन , बेकर्स दर्जन 
628,two, दो , दो 
629,from unknown, अग्यात , अग्यात 
630,show session management options, दिखाएँ सत्र प्रबंधन विकल्प , दिखाएँ सत्र प्रबंधन विकल्प 
631,new, नया n , नया 
632,length, लंबाई , लंबाई 
633,print version information and exit, छपाई संस्करण सूचना और निकास , छपाई संस्करण सूचना और निकास 
634,please enter the commit author s name, कृपया एंटर लेखक से नाम , कृपया एंटर लेखक से नाम 
635,print version information and exit, छपाई संस्करण सूचना और निकास , छपाई संस्करण सूचना और निकास 
636,options, चलाने लायक टेक्स्ट फाइल , विकल्प 
637,port, पोर्टः , पोर्टः 
638,playlists cannot be added to video or audio discs, गीतसूची को विडियो या श्रव्य डिस्क में जोड़ी नहीं जा सकती है , गीतसूची को विडियो या श्रव्य डिस्क में जोड़ी नह
639,helsinki, हेलसिंकी , हेलसिंकी 
640,brasero — new data disc project, ब्रैसेरो — नया डाटा डिस्क परियोजना , ब्रैसेरोनया डाटा डिस्क परियोजना 
641,language undefined, भाषाः अपरिभाषित , भाषाः अपरिभाषित 
642,warning message indicator style, चेतावनी संदेश शैलीः , चेतावनी संदेश शैलीः 
643,invalid, अवैध , अवैध 
644,the alignment of the actor on the x axis within its allocation, इसके आवंटन के भीतर एक्स अक्ष पर कर्ता की पंक्तिबद्धता , इसके आवंटन के भीतर एक्स अक्ष पर कर्ता की पंक्तिब
645,move a onto the two of diamonds, a को एक ईंट का दुक्का पर ले जाएँ , a को एक ईंट का दुक्का पर ले जाएँ 
646,package properties, पैकेज गुण , पैकेज गुण 
647,also bear in mind wealth does not come only in the form of money, एक और बात धन केवल मुद्रा के रूप में नहीं होता। , एक और बात धन केवल मुद्रा के रूप में नहीं होता। 
648,blank this cd or dvd, इस सीडी या डीवीडी डिस्क को खाली करें , इस सीडी या डीवीडी डिस्क को खाली करें 
649,reset revert, रीसेटउलटें , रिसेट करें r 
650,stock, स्टाकslot type , स्टाकslot type 
651,burn the selection of files across several media, कई मीडिया पर फ़ाइलों का चयन लिखें , कई मीडिया पर फ़ाइलों का चयन लिखें 
652,tolerance for inaccurate timing of button pushes in ms, बटन पुश के गलत समय के लिए सहनशीलता मिलीसेकेंड , बटन पुश के गलत समय के लिए सहनशीलता मिलीसेकेंड 
653,state, स्थिति , स्थिति 
654,search, ढूंढें s , ढूंढें s 
655,use external program from anjuta, उपयोग प्रोग्राम से anjuta , उपयोग प्रोग्राम से anjuta 
656,use custom author information, उपयोग पसंदीदा लेखकः , उपयोग पसंदीदा लेखकः 
657,build this target only when running automatic tests, बिल्ड यह लक्ष्य कार्यशील स्वचालित , बिल्ड यह लक्ष्य कार्यशील स्वचालित 
658,forced natural width request for the actor, कर्ता के लिए बाध्यकारी स्वाभावित चौड़ाई आग्रह , कर्ता के लिए बाध्यकारी स्वाभावित चौड़ाई आग्रह 
659,debug ref counting issues for coglobjects, coglobjects के लिए रेफ गणना मुद्दों डीबग करें , coglobjects के लिए रेफ गणना मुद्दों डीबग करें 
660,more options, अधिक विकल्पः , अधिक विकल्पः 
661,pygtk automake, generic java automake , pygtk automake 
662,could not open s, खोल नहीं सका s को , नहीं खोलें से 
663,shortcut, शॉर्टकट , शॉर्टकट 
664,text length, पाठ लंबाई , पाठ लंबाई 
665,whether or not to animate card moves, कार्ड चालों में एनीमेशन उपयोग करें या नहीं , कार्ड चालों में एनीमेशन उपयोग करें या नहीं 
666,mailbox files, डाक डिब्बा फ़ाइल , डाक डिब्बा फ़ाइल 
667,manager, प्रबंधक , प्रबंधक 
668,setting, विन्यास , विन्यास 
669,project manager plugin for anjuta, परियोजना प्रबंधक प्लगइन के लिए anjuta , जी टी के रचना 
670,burning image to cd, छवि को सीडी में लिख रहा है , छवि को सीडी में लिख रहा है 
671,the cursor position of the other end of the selection, चयन के दूसरे सिरे के कर्सर की स्थिति , चयन के दूसरे सिरे के कर्सर की स्थिति 
672,replace selection, बदलेंto pop up a dialog , बदलेंto pop up a dialog 
673,formatting disc, डिस्क संरूपित कर रहा है , डिस्क संरूपित कर रहा है 
674,subversion log, सबवर्सन लॉग , सबवर्सन लॉग 
675,task manager, कार्य प्रबंधक , कार्य प्रबंधक 
676,regenerate project, प्रोजेक्ट फिर जेनरेट करें , प्रोजेक्ट फिर जेनरेट करें 
677,saving, सहेज रहे हैं , सहेज रहे हैं 
678,writing cue sheet, क्यू शीट में लिखा जा रहा है , क्यू शीट में लिखा जा रहा है 
679,the y position of the assistant window, सहायक विंडो की y स्थिति , सहायक विंडो की y स्थिति 
680,x display to use, उपयोग में एक्स प्रदर्शक , उपयोग में एक्स प्रदर्शक 
681,path, पथ , पथ 
682,thought travel agents were a thing of the past thanks to the internet, तो आपको ट्रैवेल एजेन्ट बीती हुई सदी के लगते थे इन्टरनेट को धन्यवाद कहिए , तो आपको ट्रैवेल एजेन्ट बीती हुई सदी के लगते थे इन्
683,stock remaining a, बचा भंडारः a , बचा भंडारः a 
684,an link to the project web page if provided, लिंक को पृष्ठ यदि , लिंक को पृष्ठ यदि 
685,entering s, दाखिल हो रहा हैः s , दाखिल हो रहा हैः s 
686,quit any running devhelp, कोइ चालू डेवहेल्प बंद करें , कोइ चालू डेवहेल्प बंद करें 
687,selected file name in the project manager plugin, चयनित फ़ाइल नाम इंच प्लगइन , चयनित फ़ाइल नाम इंच प्लगइन 
688,allocate extra space for the child in horizontal axis, क्षैतिज अक्ष में बच्चे के लिए अतिरिक्त स्थान आबंटित , क्षैतिज अक्ष में बच्चे के लिए अतिरिक्त स्थान आ
689,the eight of spades, हुकुम का अट्ठा , हुकुम का अट्ठा 
690,greek, यूनानी , यूनानी 
691,whether the filename property is set, क्या फ़ाइल नाम गुण सेट है , क्या फ़ाइल नाम गुण सेट है 
692,the ace of hearts, लाल पान का इक्का , लाल पान का इक्का 
693,function finished, फंक्शन पूर्ण नहीं , फंक्शन पूर्ण नहीं 
694,not local file s, नहीं स्थानीय फ़ाइल से , नहीं स्थानीय फ़ाइल से 
695,repeat the last find command, दोहराएँ अंतिम ढूंढें कमांड , दोहराएँ अंतिम ढूंढें कमांड 
696,initial value of the interval, x अक्ष पर आरंभिक मान , x अक्ष पर आरंभिक मान 
697,attach to process, प्रक्रिया में जोड़ें , प्रक्रिया में जोड़ें 
698,white list of additional plugins to use, प्रयोग के लिए अतिरिक्त प्लगइन की श्वेत सूची , प्रयोग के लिए अतिरिक्त प्लगइन की श्वेत सूची 
699,value, मान , मान 
700,loaded, लोड किया , लोड किया 
701,repository authorization, रेपोसिटरी प्राधिकरण , रेपोसिटरी प्राधिकरण 
702,previous commit messages, पिछला कमिट संदेशः , पूर्व संदेश p 
703,rewritable blu ray disc, पुनः लेखनयोग्य bluray डिस्क , पुनः लेखनयोग्य bluray डिस्क 
704,display video audio and image preview, वीडियो ऑडियो और छवि पूर्वावलोकन दिखाएँ , वीडियो ऑडियो और छवि पूर्वावलोकन दिखाएँ 
705,there is no space left on the device, युक्ति पर कोई स्थान बचा नहीं है , युक्ति पर कोई स्थान बचा नहीं है 
706,s is not a valid uri, s एक वैध uri नहीं है , s एक वैध uri नहीं है 
707,anjuta shell, anjuta शेल , anjuta शेल 
708,choose file or directory to diff, फ़ाइल या निर्देशिका को अंतर रखने के लिए चुनेंः , फ़ाइल या निर्देशिका को अंतर रखने के लिए चुनेंः 
709,image burning setup, छवि बर्निंग सेटअप , छवि बर्निंग सेटअप 
710,tilt of the ellipse around x axis, x अक्ष के ओर दीर्घवृत्त का झुकाव , x अक्ष के ओर दीर्घवृत्त का झुकाव 
711,disable xinput support, xinput समर्थन सक्षम करें , xinput समर्थन सक्षम करें 
712,s s, s s , s s 
713,unknown error, अज्ञात त्रुटि , अज्ञात त्रुटि 
714,search help for the current word in the editor, ढूंढें मदद के लिए शब्द इंच , ढूंढें मदद के लिए शब्द इंच 
715,audio and data disc s, ध्वनि और आँकड़ा डिस्क s , ध्वनि और आँकड़ा डिस्क s 
716,javascript support plugin, जावास्क्रिप्ट समर्थन प्लगइन , जावास्क्रिप्ट समर्थन प्लगइन 
717,s d done s remaining, s d संपन्न s शेषशेष , s d संपन्न s शेषशेष 
718,open an audio project adding the uris given on the command line, uri को जोड़ता हुआ ऑडियो परियोजना खोलें जो कि कमांड लाइन पर दी गई है , uri को जोड़ता हुआ ऑडियो परियोजना खोलें जो कि 
719,name of the value to watch, नाम का मान को , नाम का मान को 
720,cvs status, cvs status , cvs status 
721,accessible table summary, पहुँच योग्य सारणी सारांश , पहुँच योग्य सारणी सारांश 
722,menu icon, एक आईकन चुनें , एक आईकन चुनें 
723,additional c compiler flags for this target, अतिरिक्त सी फ्लैग्स के लिए यह लक्ष्य , अतिरिक्त सी फ्लैग्स के लिए यह लक्ष्य 
724,copy files folders…, नक़ल फ़ाइलफ़ोल्डर , नक़ल फ़ाइलफ़ोल्डर 
725,git push complete, input widget , input widget 
726,path, पथ , पथ 
727,initial scale on the x axis, x अक्ष पर आरंभिक स्केल , x अक्ष पर आरंभिक स्केल 
728,clean module, साफ मोड्यूल , साफ मोड्यूल 
729,show hide white spaces, दिखाएँ छुपाएँ white , दिखाएँ छुपाएँ white 
730,import a new source tree to cvs, आयात a नया श्रोत ट्री को सीवीएस , आयात a नया श्रोत ट्री को सीवीएस 
731,select files, फ़ाइल चुनें , फ़ाइल चुनें 
732,caption, शीर्षक , शीर्षक 
733,vala compiler flags, वाला कंपाइलर फ्लैग्सः , वाला कंपाइलर फ्लैग्सः 
734,discard file, फाइल छोड़ें d , फाइल छोड़ें d 
735,build module, बिल्ड मोड्यूल , बिल्ड मोड्यूल 
736,vertical flip, लंबवत झटकें , लंबवत झटकें 
737,uri of a media file, मीडिया फ़ाइल के यूआरआइ , मीडिया फ़ाइल के यूआरआइ 
738,the project could not be opened, परियोजना खोली नहीं जा सकी , परियोजना खोली नहीं जा सकी 
739,device to use as a camera, कैमरा के रूप में उपयोग करने के लिए युक्ति , कैमरा के रूप में उपयोग करने के लिए युक्ति 
740,local mail dir mailbox, लोकल मेल डी आई आर मेलबाक्स , लोकल मेल डी आई आर मेलबाक्स 
741,the queen of hearts, लाल पान की बेगम , लाल पान की बेगम 
742,decrease the text size, पाठ का आकार घटाएँ , पाठ का आकार घटाएँ 
743,content box, विषयवस्तु बॉक्स , विषयवस्तु बॉक्स 
744,al ways replace, हमेशा बदलें w , हमेशा बदलें w 
745,standard output, मानक आउटपुटः , मानक आउटपुटः 
746,specifies whether the atkhyperlink object is selected, उल्लेखित करता है कि क्या एटीकेहायपरलिंक वस्तु चयनित है , उल्लेखित करता है कि क्या एटीकेहायपरलिंक वस्तु 
747,size, आकार , आकार 
748,signal operations, सिग्नल संचालन , सिग्नल संचालन 
749,open the blank disc dialog, खाली डिस्क संवाद खोलें , खाली डिस्क संवाद खोलें 
750,generic, जेनेरिक , जेनेरिक 
751,margin right, हाशिया दायाँ , हाशिया दायाँ 
